Position,Alignment 1 SDI,Alignment 2 SDI,Average SDI
126,0.9142924890106575,0.8852661643785534,0.8997793266946055
127,0.9142924890106575,0.8486774832582366,0.881484986134447
128,0.9142924890106575,0.8486774832582366,0.881484986134447
5,0.8861874577668122,0.9001121124377386,0.8931497851022754
16,0.8650260126509433,0.7453006847220504,0.8051633486864969
108,0.8216873812851406,0.818734627198551,0.8202110042418458
56,0.7830072270018709,0.5158425503151197,0.6494248886584952
60,0.7804829887850828,0.5534503964443309,0.6669666926147069
75,0.7481007923882435,0.5512116979142766,0.64965624515126
14,0.7420466020335507,0.5979797020935228,0.6700131520635367
